Optimal RPM (Predicted),Energy Usage (Predicted Optimal RPM),Energy Reduction (%)
1301.5364505645543,30.81590510698577,24.711238571192048
1251.4366469799781,18.60074326665954,30.395836382022644
1140.2379908222035,15.696239820903031,42.21588107936643
1148.7834438076352,32.37294111346955,41.34651552148756
1452.9180842564683,41.59631818474094,6.1790684640228415
953.0072346553534,14.285880084925104,59.63454269753583
1041.7154738398995,25.70273183396939,51.77017206944505
1107.204788702353,18.45692638683441,45.515446927759015
957.0845234697765,9.02905704576014,59.288409552650265
1366.3273857668798,17.59816878967375,17.028865551264175
1500.0,33.85500436196588,0.0
1452.8597337787678,24.694301266787058,6.1866041761905715
1485.1255151718328,50.84912174410033,1.973431297137698
1500.0,53.07124701475039,0.0
1411.3525173815194,48.70535299707513,11.470403185815469
1375.385765801683,29.83646445007949,15.925066454671907
911.5402618330227,8.282379434534608,63.07086004699486
1233.123673434712,22.698700766279327,32.41804471177253
1264.040437386335,35.982947880243216,28.986745451207234
861.2673338546068,9.556102367743573,67.03193687266565
1345.4705557845691,20.4871804959245,19.54262148963391
1330.0119575581518,28.83002373124159,21.380808566770348
1202.7230608241914,18.592059390482163,35.70921062051949
980.3495910365739,15.606268995626689,57.28509686019656
1296.293669042199,15.718105306433944,25.316565493382825
1263.6017982793353,40.872767608801574,29.036022017121326
1445.0727272046759,30.601002439615023,7.189547248410704
1124.6280789685459,20.80891766033224,43.787185955356364
1493.399070915587,23.555756262466254,0.8781873328205289
1275.1083776098567,40.81214370352396,27.737716682184853
1389.9081699315432,40.943228339226714,14.140234629224391
1500.0,22.15135153550608,0.0
1342.122153913251,47.209751522224906,19.942583287789148
1007.6608545451905,27.051182872011157,54.87198232076695
1134.2519088701185,20.401409054163725,42.821004765533
1397.2857869137827,31.162015860364725,13.226330208388045
988.7904442699222,9.44819256515691,56.54637588091066
1382.4327943658275,48.46179091992508,15.061314180528433
1385.9672591937594,22.028040859074466,14.62643361968615
1064.3477045189281,27.848820623916428,49.651731728235035
1500.0,49.05634465656316,0.0
1272.7982476071334,22.470568289755253,27.99931648392045
857.4416158879295,13.47644498077394,67.32417223748871
898.718967476869,12.442132987125063,64.10240966654712
1129.8853730591568,22.19521318361014,43.26040194430979
1178.0875974439125,13.077546686740256,38.31598278883689
1210.21945007785,19.69429414295091,34.90528367347849
1358.668910232626,47.593483726,17.956390771879487
1278.1445576012218,42.595268525445746,27.393177327750085
1368.495646177864,41.31270317320838,16.765318506321343
887.3227192961472,15.985179844872556,65.00703963648404
1155.849890764136,21.02993831708874,40.6227124453571
1448.8837605218248,25.241440782041835,6.699371044272691
902.4951530670266,17.05482678482293,63.80011105291218
1419.947209509636,32.75557062095034,10.38888543136878
1363.9002307340136,25.109095903434344,17.32338491572021
1230.6828907422685,22.400989542548633,32.6853165526335
1388.957809740672,43.80109232747221,14.257609011573111
894.4124480404669,11.776248764643222,64.44561656845597
1500.0,32.841377639564456,0.0
1387.5738566035068,21.380512996892527,14.428390776465374
1414.141824024504,41.199027146891154,11.120128957539915
1218.2194130763767,20.01024661506814,34.04184273794882
1260.7033161533202,19.251263271369098,29.361206606223185
1386.7846848954139,33.798470746081875,14.525699455090106
982.1818644818572,10.537323205551186,57.12527933701968
1076.1698599070758,23.125587255382356,48.527041450114886
1077.680961804285,17.111923612137208,48.38238864731515
1062.9824391247128,25.841455132485603,49.78081484944339
1000.0931347139901,20.447143786656103,55.54727652879755
1454.5989040047318,23.64910094295475,5.961867931921472
1448.9453823213885,40.290349447318995,6.691434624423353
1378.8151671277392,28.67235348446588,15.505277106600213
1010.6632031273058,16.65970683032831,54.602661770864636
1293.243921696652,16.687348126475477,25.66756262198507
1407.5447676043955,46.59191533361217,11.947454541755038
1500.0,23.1058288912175,0.0
911.3417235365706,17.06503139627943,63.08694501961747
1445.0979458127817,28.943831021718886,7.186307867007933
1142.1587388275173,17.35548128612871,42.02104068088601
1440.169632005231,42.235530292690186,7.818285824440769
1068.4490455981972,17.87446063221506,49.26296164268006
951.5077999573978,22.160905520232504,59.76146251645479
1358.9627325657577,38.86065597610187,17.920901844329265
1263.0647897394163,39.92725242914733,29.096326085356626
1426.9355878361634,45.45840936752977,9.50465902962944
1269.3240747959626,29.694208200800947,28.391839695261055
1200.061660379993,31.615442516019026,35.993422723822846
1399.0280262402275,38.927358399410934,13.009803635305477
1363.3769858789392,29.475358972381,17.386808638918176
1500.0,48.119743123478216,0.0
1283.3754920193628,37.04462519561855,26.797659843735932
1206.2455588713926,20.261777453877862,35.332073409024076
1138.4858652925486,32.72991173587194,42.39333042351453
1248.1043487953568,33.2832559302828,30.766023756360823
1206.7431033110631,15.975584927142085,35.27871478271933
1289.8055056687379,30.49980848644586,26.06230033540494
1435.7963470385894,33.1980295831255,8.377282214695217
1017.2718421887838,10.924806353534189,54.00702218177058
912.5276599549303,12.658263130665098,62.99081199187463
984.0423484036763,9.635844174794101,56.962695846585675
881.911514655467,20.214388671651736,65.43253690302666
1262.9569384614167,26.36834396571267,29.10843429298512
1461.8778647647603,28.0177868734827,5.018360378258903
974.6820966739277,22.165444461554994,57.77754712992515
1027.964255093834,16.116738337542582,53.035088455527955
881.8226844966109,15.515328858725853,65.43950013809736
1147.6905048593262,23.09078018447262,41.458066891366435
970.0860496285294,23.564159015188846,58.17480250293842
1099.5944007615328,20.458883690683525,46.261873502839364
878.6477701235713,13.719823111531872,65.68791538030558
920.3573952514298,19.568036804549468,62.35298955582238
916.4058682946934,20.09186812363243,62.67556820244663
1463.12533600354,37.84237004137049,4.856188939756799
1131.7980078387104,12.270702716226346,43.06814530899227
969.1482002176177,20.15196565229149,58.255634045109
1359.08564669869,47.53585607551694,17.906053552782375
1499.9903651231577,59.3211247487468,0.0012846461198177327
1208.3357205438674,16.053353631408143,35.10776828701035
1178.4623928010915,34.45184872517723,38.2767283890456
905.463194089054,17.881473697568925,63.56161796222436
899.368326361392,17.98955234972442,64.0505161572404
1012.8017571541353,22.991855257130524,54.410337809133146
1285.6780566968423,25.87288185731516,26.53475264569917
1011.3020737027202,25.948677091989534,54.54524958775902
1171.7104849917223,30.64512888515573,38.981979527131685
1104.4339280477448,17.921430366701742,45.78780882564574
897.3489193844284,10.619546629278874,64.2117740835377
1302.4544734013489,18.0856922210085,24.6049930985251
1283.2679096893235,29.890888842637093,26.809932087181977
1493.356952488039,39.70800999418044,0.8837783313616441
1479.3947330851265,42.732987453261046,2.7284988319994348
1064.2545019982563,10.832982867243352,49.66054911006417
1306.7100006077428,26.879932104138494,24.111509969409454
1396.2529535644394,24.892182540654765,13.354563985003523
1342.0742173967344,39.0292193701382,19.948301999953028
903.7969406119934,15.982261919425168,63.695604006240046
1500.0,23.12847506331915,0.0
1314.6986499785312,17.492399919808218,23.180775988650122
1473.0574280100266,33.91740100327145,3.5600806126438025
965.00648204453,10.344765036861185,58.611666204979564
1206.3004017237324,33.52563059948671,35.32619292449606
1479.988334420751,20.896805438954452,2.6504235545996258
851.7347189727001,13.45813540602687,67.75768748873313
1449.8000204094935,48.37148923545434,6.581328925361444
1087.3710654799206,31.10857980424329,47.44996293142499
1500.0,45.61626532869949,0.0
1009.8157294843669,14.843322267513345,54.678764110486945
1281.0310101209218,17.43323421985316,27.06486893815871
1140.9173240485632,31.58961249027119,42.147007097149604
1500.0,35.06621505914105,0.0
1122.2093969752393,16.678997980272904,44.02871419290977
997.614587100783,19.679740218919076,55.76733936016597
1125.223454518025,29.739247966973362,43.72765232900099
1278.2767302181867,22.954214185091725,27.37816004367561
1073.8218132463608,18.924302454387607,48.7514094842799
1198.6543521102194,17.869699767304596,36.143455296321335
1340.4637022203879,26.094800890861897,20.140313912427168
1082.686768354475,10.556209928130693,47.90174940578416
850.840705971477,10.183501696559711,67.8253374694204
1143.6875495304305,27.115724370378313,41.865723957736854
1115.9778742466206,25.189133879188443,44.64859485297751
1185.674560376375,36.94471934602234,37.51892608339066
1340.4662724148538,35.93310920360003,20.140007667476752
1216.6772553749674,38.36747306898873,34.208731389032714
1278.3355516134793,40.78880613677971,27.371476332491625
887.7496393484805,12.18540257118691,64.9733590149619
1373.376827823768,46.50533436660872,16.17049283540995
1448.681820891286,18.98099098310938,6.725376969738132
1406.4280034952558,18.197891500744557,12.087123154859938
1095.093904795562,19.404211690865946,46.70085954131594
920.828165859812,7.970520909321245,62.31446617596688
1170.1887775031687,20.994387201665564,39.14036555580619
1296.071464931607,40.027244754530884,25.3421670128906
1241.3294583951742,24.577630370228313,31.515607809793046
1135.9396386513,25.24580759830189,42.65071721514463
1332.5977115630528,30.277558912299053,21.074815072751765
1286.8780123313247,17.00394927533317,26.397554727919054
879.9747036876835,17.59593462272476,65.58420092754548
1312.0426832628907,45.00846383619588,23.490844324280612
940.4490353785624,12.486142754061502,60.691360526912504
1443.0247657592927,43.655374627435386,7.452423351348375
1426.8473590420783,30.19743674147556,9.515849510873167
1067.9208568962863,11.186775445046996,49.313113040262294
1005.8337743386593,18.74200665898643,55.03548526220654
1201.3514267884948,26.80848522238413,35.85576663792212
978.676767959054,10.625748626111497,57.43074594920978
1340.3521589589964,37.39561057016315,20.15360399884255
1154.1143691169539,24.438644141976166,40.80088991101224
1500.0,41.81715456467206,0.0
932.4272013302113,14.163913488161914,61.35908952086708
1299.1414122723154,39.857442880732144,24.988070707515284
1027.3353734921025,27.45116696173129,53.092534683192994
1065.5245249905024,14.664542003974573,49.54033273972285
1471.218221580984,22.10380265693623,3.800753088359414
1069.3569399038379,14.244105110192697,49.17669933686665
1463.5991891645417,25.57738903904438,4.794551710084261
1086.716427671862,15.159734027264827,47.51321803680474
1499.9903651231577,30.540633117934597,0.0012846461198167943
1366.1100966395522,21.443374346443196,17.055253504865487
1074.499733749678,23.62024795976175,48.686680985416494
1084.6407962800913,14.650194546942002,47.71352635755065
1146.5596736851476,13.392324623099217,41.57337398573369
875.3265837976156,13.834816929513558,65.94681651987537
1189.5528029248433,19.653631999725516,37.10951684682883
1210.9739837722245,21.398604485731948,34.82408936119236
1022.7561668926298,22.651150994275817,53.50976991480423
1256.4122276473263,26.40999363486975,29.841258409701467
902.1428895180724,17.90174764824412,63.82836475075481
896.6793278486152,13.25707870409094,64.26516368928692
1437.5511170247119,20.98398846568832,8.153190486266821
1297.5492848566178,29.269988355236617,25.171815705247997
1181.027006603668,28.80175060963728,38.00778709656798
866.5572681794225,9.391080384585516,66.6257111540185
1467.7344294309974,41.398718851339936,4.255806429460642
1216.7650581345115,21.58402522919469,34.1992352579075
941.6034701022827,11.156853420476317,60.59479578183732
1500.0,54.03763028422386,0.0
1500.0,57.652098904618974,0.0
1075.943268343302,13.705232323520107,48.548714813632586
1301.9473967834629,16.036551645838852,24.66368782261175
1462.844079931334,53.031914797188385,4.8927643471043964
1081.2383712247863,11.669475791058506,48.04104820405205
1125.1510444836442,30.96185000494477,43.73489453766064
1374.791572368819,50.38307330424471,15.997694779718671
1443.1832376376763,38.506178579726665,7.432095226739317
1499.5333778939105,53.981767059526675,0.06220660364793767
1135.9512211826918,12.868001599516758,42.64954769304673
1338.2834872128537,41.89992684029291,20.39988034904017
1264.80288769689,30.025806162055122,28.901051345493716
1237.3080796977777,18.252800068991117,31.95860959620435
1358.2967235826054,45.344050874846666,18.001333809100423
1313.7180444510345,33.26285371059172,23.295328874833313
1444.7442663817922,35.81324934662332,7.2317335447527515
1012.3513129780556,9.483753321666747,54.45088084940476
1239.8857574806434,26.717278476808115,31.674813706517817
1083.2747157146762,25.201735307926025,47.84515067970167
1500.0,59.91270230429394,0.0
1243.8350440232523,19.705110470110835,31.238861478207724
868.4475266152691,8.753934911601986,66.4799508229254
966.3184324382648,16.26721766083932,58.499052761335754
920.7063909191606,14.223149004351052,62.32443296536062
1191.8348173546372,24.09617650654039,36.86798969516616
944.3538338255883,23.184813459969444,60.36425940172947
906.1995622031634,9.35559365391135,63.502326820568676
1088.7364389635513,17.146104810912014,47.31790962102067
1277.1418000731717,20.85576939738669,27.507058778038164
1216.3591006762583,26.948987767750456,34.24313503120195
1138.279543066661,31.357291539155174,42.41420808159793
937.0505196954716,10.075320384601081,60.97494771281986
1318.9632520961954,23.86482513217092,22.681597316436786
856.6362476114255,9.806947866366885,67.38552619014295
1471.0321381957808,48.80556050855123,3.825086595339972
1480.8820461372377,35.89616474419381,2.5328162412617137
1109.817526440554,27.06720412461386,45.25800257801645
1183.4341437844137,20.325623778267374,37.754827881122296
1397.1854643819338,41.25277868411768,13.238790138659548
1452.8657190678798,49.03556858783919,6.185831215883225
1218.2854670455456,15.363603679976153,34.03468981269408
1500.0,22.90208731090218,0.0
1500.0,58.25417645595599,0.0
1384.9782753418503,26.848667999097174,14.748230081382827
962.6145381817739,19.63198687445103,58.81658892804844
966.002018333142,8.834654179729064,58.52622669227983
1500.0,47.91005771887462,0.0
1442.6145093469534,38.62919843325289,7.50503899651774
1187.2638104592093,32.35306081856503,37.35131752772796
853.6875984542089,7.2586013406867425,67.60966596646601
1495.7300734881514,30.820976004156783,0.5685132116946358
1040.8320762711683,23.190787517017913,51.85193728911328
1192.3656893637726,28.967289093528418,36.811736125691354
1270.4853758082038,37.51579453876912,28.26075154922166
1354.8709256733803,17.459821141564817,18.414434433998117
1209.649465659535,13.587621170327122,34.96658534353783
1456.748217665641,48.6213986656732,5.683761347910145
1373.4183524854357,38.07152529203263,16.165423513608516
1209.3792593665632,30.101410569820224,34.99563586728812
949.2987717086912,15.716228419846574,59.948081868105355
922.6297933312095,8.725109258696852,62.166856198115994
1238.3172503379587,20.95489555359814,31.847572778463874
1208.4687976379407,20.95594577317938,35.09347400602266
1051.3560553827558,11.767674141808198,50.87335310266718
1042.5680992566688,16.228299145360804,51.69118926277052
1398.1270939742092,37.695505306265,13.12180573756589
900.2100321302336,19.571078976164564,63.9831954689815
1289.7444696375474,20.141987183592857,26.069297912860517
1050.6253634834861,14.561581431419164,50.941615360230784
1341.330230949391,28.787513327799033,20.03703162405569
1459.1201494733637,55.733526819175815,5.376372862259055
1289.766317586552,17.795603312998775,26.066793156410007
896.2703558824896,8.640118936950268,64.2977532962789
890.0363615590264,7.078602096483618,64.79267889345644
1448.7738462454397,23.900648663596794,6.713526330453099
967.7212521217309,15.677980579444556,58.37847014186441
1500.0,22.21251931755677,0.0
1175.1057629725185,34.298145232133976,38.627842036834444
863.1724835389427,12.494058110157868,66.88592282938728
1074.7438332811603,13.005502988262556,48.66336412551633
1096.5890494404694,26.63427141972141,46.555220295433244
1134.9079441708773,15.120729722193525,42.75484258923703
1419.1988027429616,43.341899374401926,10.483322590797526
1194.1065354331474,34.44557443981067,36.62709253492647
1230.8047848877052,24.61255748978436,32.6719813998902
1471.9095774440557,26.64658999303203,3.7103198145982788
1500.0,49.43750822833671,0.0
1495.1758781363587,33.748739974965034,0.642181930629717
1040.7669605339354,18.901868081634298,51.85796150493127
1427.4249108997676,41.31295248811947,9.442583277457357
999.0309088192641,16.58301225035639,55.64165525438912
1137.9776735458631,22.042160773424122,42.44474731160645
1166.1781917525009,26.24133437721831,39.55681889248297
1219.4128911761272,32.266666827638154,33.91254225926573
943.6134900507335,10.23614920733914,60.426381395301085
1289.959165249731,43.33706366566079,26.044682310587426
1147.4684154595304,19.264509528512054,41.480721578790856
1484.5648711915483,21.595717269545883,2.0474285877342986
1028.3046206418023,11.477763106143897,53.00398254074307
1000.5785842419332,15.45169210890318,55.504110966951494
1000.1815280679879,19.493678849534508,55.539418262737094
1257.3413991122045,32.55904571668475,29.73744915904731
1395.5408167111766,36.10054757464112,13.442925728582319
957.4165607564667,8.975053955783032,59.26015685285595
1321.638649431978,18.940102750175814,22.367612459005223
1018.3004842875541,17.482383855905354,53.91396105332146
851.036708231798,12.375954194820302,67.81051205519935
1206.0579280323113,19.69900008092088,35.352189965795915
1189.2687795924433,25.582926170933415,37.13954532829781
1274.0260668345547,40.83056623629555,27.860336934492203
1059.623765541306,19.054239119575197,50.09766557778058
1340.9185781605001,29.281322203557032,20.086105188623232
948.2827170780995,9.547071953584911,60.03377282182121
1498.6310239462068,29.19896128292106,0.18244684737527114
1157.7711691599297,30.174299304570745,40.42515199386886
1244.2925284162532,26.180076716570216,31.188271276777236
948.8648425324208,9.516169922581696,59.98468936026331
1283.2779544436562,40.24274311678382,26.808786295062454
1050.6958310396847,13.210352244404447,50.93503425048117
1022.00011832054,26.10981115868662,53.57847814012455
1175.4418620816975,36.0711444025212,38.592730171818296
1154.8648198802025,22.84677388929171,40.72387768013632
894.7681582758618,15.065740205360061,64.41733079713876
1142.1560154629067,34.1415935181739,42.02131717075095
1086.0885149939993,11.29559275246002,47.57385500436131
1066.5688546000924,14.848450915154851,49.44137237320207
1148.859213997317,16.34957471021618,41.33877806282076
1188.012555905817,37.04350987826253,37.27227408933903
1147.8516145575654,12.633179328619208,41.44162982033735
892.8372576690183,19.863121297179255,64.57073916969188
1500.0,29.95579950519229,0.0
1024.2439983608606,18.103648956186223,53.374410303189215
862.9010714545412,12.861919123678662,66.90674403922688
1387.345268815541,31.89514623373501,14.456582448672625
1338.8372873630897,16.405700849287438,20.333987465166395
916.4964270578396,13.62097569659953,62.668191075120625
1347.9898664053458,20.517552890197614,19.241036447488817
1241.452839018142,24.15012106408102,31.501993266390905
1300.6871369305777,40.49140536485588,24.809465414370514
1495.7439567912081,20.48454201113854,0.5666673654480174
1255.865547116118,14.741058443935897,29.902299002965925
1397.7469366981147,45.02253655666836,13.169044486712725
1472.8143558249287,25.258051098565122,3.591905478933354
1500.0,29.192243560856497,0.0
1173.313673792199,23.603790831543666,38.81488990632236
898.0177339139703,17.083642980916377,64.15840664782301
1399.2083191337902,39.25603137978163,12.987381318524163
1125.9772390387195,22.66102120987547,43.65223365185521
980.8800304975007,11.177965848873148,57.23886070094322
986.0962695096002,25.281276088638613,56.782850989299995
878.6801434532243,7.4368063891443486,65.6853869111565
1154.6962278107194,33.507799175968195,40.74118317687534
1473.0068852310721,45.332564618110304,3.566698491638011
1318.3051795703784,17.723172017265536,22.75873126746276
1220.980472066298,25.091473395269066,33.742519414789335
1253.8771368996659,33.13493571961462,30.124094469346524
1258.5974121152165,25.394561862998103,29.597002409639106
1336.9029403328116,36.735560644512155,20.564023472421464
916.5164288519233,9.42371957186336,62.666561584200785
1247.9949276942864,29.220497146284604,30.778162686637025
1390.8960357215117,47.16245204965766,14.018143013963702
1451.7135734233007,19.2988309088433,6.334564477268938
941.4999517985989,16.24321579994901,60.60345958947716
1028.334524032164,26.639132910595276,53.00124918593524
1329.0384126552387,43.19158517601936,21.49586211941525
1185.003030586751,28.113811454451913,37.58968077778736
1173.5155672113556,18.418142352883088,38.79383171167156
1035.1749160896663,14.853076391107686,52.37390635994454
1471.3352710444958,48.974127050966054,3.785445341352011
1498.4938224892219,37.542912552887195,0.2007228427395623
1234.6410948498103,33.1152371134172,32.25161630702496
1500.0,45.30575989686324,0.0
1498.6571060811475,58.160083988399194,0.1789723729991254
1500.0,41.1141641476646,0.0
938.5337359746658,12.479959123393353,60.85130784166384
1015.4552634699062,11.830762951837606,54.171138128500594
1045.486682404268,15.135534388973912,51.420337640680756
1388.0661152212183,24.4925073749461,14.367664878874459
1044.2523551969048,15.275817059349125,51.534978607365225
1362.6794675962512,26.592940408265196,17.47131860407098
1250.5895081927194,16.107752688374187,30.490039199924084
1344.777316170552,33.76962720944754,19.62550977391677
949.7731716793804,22.750128897233935,59.9080409936929
1424.5816380935755,31.325241821991327,9.802984729183342
1336.7486233227305,45.434413542244236,20.582360801990443
1056.7263669149463,10.401526980115968,50.370194909632815
1353.4164137173618,20.210734049051638,18.589511603574895
934.2801158853479,21.837793053507426,61.20536289161159
1208.6956929297971,16.617942999960803,35.06909875079811
1167.0595419054066,19.978631356607618,39.465423362113
1091.1398614549712,19.33053374823852,47.085057899734494
1028.9258066409534,12.248491725786629,52.94718597458947
859.679370855833,16.359652024704072,67.15339463666307
909.9138183543427,16.38555915201161,63.202526363014236
963.165741441783,15.679169278611576,58.76941131168447
1285.5857341987532,26.54702658093398,26.545303112206792
1225.0058885320561,15.13120403791285,33.30491435830167
867.7530222945337,19.028301748196803,66.53354187994233
991.3530373973332,14.539912761199824,56.32085134413697
1184.118481412759,30.788663333254203,37.68281875452186
1335.5475710082255,25.10196306280829,20.725008247734607
1500.0,21.65705591503368,0.0
1328.5628587249448,16.85335008733527,21.552032462960092
1064.226951097787,17.81481942638156,49.663155402538166
1114.7518515124377,24.70107777915453,44.77014709109298
1087.083950795916,22.223380097018584,47.47771039653076
1289.0139502646869,23.44146217408921,26.153023823245665
899.2584728153372,13.830468787700351,64.05929773643678
1187.8682978740842,22.661231996004105,37.28750697358783
1237.2692522631755,30.069293936324186,31.96287988462767
969.3757481963971,23.802903382977956,58.23602928038557
1059.8069387817154,21.16810287097309,50.08041122267242
1083.8076838449101,11.8559956650743,47.79381797505473
875.9060943449092,8.585593279248043,65.90171172841987
1388.174424158804,34.152112254218814,14.354300804949915
1030.4562922133632,11.014450873684378,52.80710354835057
1116.8005471720655,26.389097756266988,44.56695723716333
1478.4952995727185,53.289477095921626,2.846739961838992
1397.9920445780147,45.70987641071981,13.138588590959202
1500.0,36.82859118296612,0.0
1403.3265641381083,37.58979939224408,12.47442463930363
1353.941547893872,23.769321703268563,18.526323772744266
913.560730927212,17.803062313276012,62.906968484788365
1217.6046388779534,35.87880912217255,34.10839748368394
1463.4276070219573,41.50490124025068,4.816872844710568
1225.1895372001215,27.51393316953785,33.28491546379343
1425.2069192568988,37.58442368474719,9.72378832454486
1157.442936149171,33.88003521883084,40.45892664703939
1482.4298706959382,54.57637760388836,2.328963487485512
1324.5841814550158,25.580034458458197,22.021188721739822
1338.6855519250175,44.02238100667651,20.3520441363205
1454.307503675678,22.304409027231216,5.9995415445607945
1054.60759807657,24.73248172776271,50.56901395907413
1020.7950827038667,17.594768256222626,53.68788440567138
1015.7892704433348,20.529522158475505,54.140984802319906
1311.5225104358185,21.17656343918898,23.55149798311682
1082.322519863487,15.407851878599997,47.93679835539341
1013.3027043675804,24.017446799380785,54.36522796983769
1500.0,42.52704879300399,0.0
1361.5635421010825,30.594550949565473,17.606432036495736
1400.982954515776,42.577104064962235,12.766522718055413
1030.9240149591794,21.83226152891395,52.76425223913092
1222.452052716707,20.438245998461184,33.582710169275984
1400.225620527523,48.06673706062089,12.860809405258353
1348.2947916055682,22.63064991790629,19.20449577463544
1097.0466192760152,17.646102010916564,46.51060956155848
1048.0351852237284,24.477521553610874,51.18321113480291
1065.4195877514167,23.57444211560921,49.550271201582284
1406.3020744521316,47.03320905473296,12.102865572961392
1149.5032112360188,30.92889925958391,41.27299410480359
1449.824180756624,21.15338681313436,6.578215328594861
904.3911183570016,12.569075967811122,63.64785355719875
1422.3602275623293,21.12262720186914,10.084061468837273
1175.091144693147,30.95739338205991,38.62936896283331
1481.0890757884845,41.60141828101605,2.5055622035561225
1114.562757911001,30.123904408620387,44.78888260790327
1431.6041882306326,47.29447962830705,8.911531032911617
1139.3311686077175,27.680064601492713,42.30775503284323
1500.0,26.909030501443297,0.0
1293.8984116538702,39.78555035340893,25.592306680870745
1162.958540313034,33.38317772500369,39.89010815613233
1288.355392918425,41.94635471964212,26.22846140168937
1304.964203443087,24.520768437457814,24.314152343651088
1493.6580865789479,34.34363434576365,0.8438009065473977
995.978059202551,20.554019831396634,55.912342470538654
1264.7653409036407,39.06203408484656,28.905272553284327
947.6243160344364,17.32179992307499,60.08925136267852
934.7124307755035,22.79468659895893,61.16945207794442
1281.9010914132962,42.66546742335415,26.965759637040005
994.0006395145746,21.003603637534514,56.08723238420519
1438.843986799397,31.935888280478725,7.987910295609608
916.7925584103193,9.093234558184161,62.64406243748717
1344.9001896699401,34.59805268056764,19.610821325589292
1075.9733639506003,11.768674320007959,48.54583644750351
856.8287947047119,6.8944277403204755,67.37086295843869
1258.6957087639148,20.157003591862523,29.586005010635823
995.6043469073074,15.585355298649807,55.94542152974551
1401.697611983382,44.2107776804237,12.677502424892625
901.695097798125,10.6615399928416,63.86426447141466
1290.0724093592419,25.96973813673411,26.03169682711291
1356.9997488978388,27.857743032307603,18.157852510720097
1157.7312629642877,33.558966555631706,40.42925878911623
1020.3430369270111,27.22758387112422,53.72889275531395
1417.880549999621,30.43074827383068,10.64954426367876
1309.1632203117724,18.069379235865547,23.826296114795998
1272.312918381721,24.809114683423953,28.054215009732815
1178.664505856327,21.19334997106479,38.2555547837538
1500.0,29.76670348511077,0.0
1381.8208542927796,25.004613042079768,15.136494517403246
1216.5787346532275,28.04141994729245,34.21938588398009
973.1643883173987,12.68760438506346,57.908936591592145
1246.3920572406432,17.590202343979616,30.9558595398861
1500.0,52.45087749143461,0.0
1306.8127885915826,23.13996707220933,24.099570469932946
1085.0089338437303,29.74592537420944,47.678027265746294
1045.9252259107814,10.21258091493471,51.37957430237694
1279.4597502652769,41.83144808303398,27.24367766449402
1097.297105104199,21.143467263813513,46.48618058355307
1262.4609818085678,41.706316368663565,29.164100862708754
953.8245122048297,18.98887003866929,59.56527999632083
1345.522761461854,18.927332896644078,19.536377706136307
1106.1662041152192,19.62068072140926,45.61761461659231
1251.863521855508,21.130636833257295,30.34834322877885
1054.1931719494587,13.86046282661626,50.607855831783965
1322.4600282315819,41.155959837209544,22.27108772132105
1355.9922316682778,36.17947318896785,18.27933634023483
1279.2223094541,18.266174440342496,27.2706792442186
1450.3960072359469,40.340023473861706,6.504507653067685
1020.5947350975985,14.544417342325714,53.7060616307139
863.9245580440167,13.827299590736937,66.82819368926445
1291.624360433559,19.844980210817273,25.853622734871067
1191.2963500497647,21.198624391362987,36.92502250480483
1304.5297547644645,15.796545862497531,24.36453861929627
1318.496582394372,31.017860407847888,22.736300542860512
911.5967977015229,12.10164482562474,63.0662790409035
1135.1737549936643,25.727990404331965,42.72802426549264
1413.6357388924837,35.42739626926917,11.18373323226231
900.8399687945871,20.05133083558747,63.932771138763
1131.3352324638797,33.988636397884406,43.11469296826219
1384.9724911777612,37.39522438518142,14.74894216359405
1032.027893990271,21.27991280200866,52.66304115671138
1015.741177521775,24.310921064919967,54.14532712385236
1261.3818247468225,30.4581568356402,29.285150764372283
1373.759310119094,21.31594179093124,16.123793682716045
1236.0546325699318,26.374780941424234,32.096397568996046
1360.4828649171789,24.656123162983157,17.737172189633124
942.6461385663455,23.298112125938097,60.50747810870926
1086.0422217676341,31.21672288143577,47.57832411280094
948.2353665491465,17.91904183263827,60.037763983351354
1323.0150740569377,23.704980066182348,22.20582728080515
1213.597467035426,27.30082881342011,34.54138613356437
1452.8013527425605,48.980341609495994,6.194143531972733
1251.8183375934927,35.910862527234194,30.353371096207304
1500.0,33.8063365008169,0.0
1500.0,48.773846347446586,0.0
1257.688879322458,40.600916690707656,29.69860812571643
1264.7638295553197,31.151219938257025,28.90544246438055
1466.516099644402,29.115020238578495,4.414690199278687
1169.9816909876506,12.628246800868666,39.16190412238567
1113.0488088024983,21.220825189269426,44.938771076592865
896.365992291345,15.792232995010293,64.29013368282455
1300.0834566397598,34.910708712595294,24.879244700960616
1354.2656969908942,29.95624174465848,18.487307642389673
928.4746259162586,20.07156960699591,61.68599417909617
1279.2284552495948,22.666875279245318,27.269980412432687
1145.6774608563646,21.169643862240555,41.66325136380948
1153.635010161109,33.962652040188786,40.850056148025686
1167.731247131519,34.7751760387794,39.39572153211855
891.2195150236183,8.575266951592525,64.69901226849184
1495.2302575742128,40.35765590685531,0.6349545259801377
1320.0089691358994,17.595632247467073,22.558947617812457
1041.326626858335,16.411234754854753,51.80617138648187
1337.6025005265142,34.989333736475984,20.480868914898505
903.7797326416562,18.86948923048561,63.696986438496715
992.7472956206489,14.448721945188904,56.19790253501725
1177.7546363564454,18.94420368579511,38.35084517959541
1053.3540381441542,28.66258795165684,50.68645645890685
964.3993828838184,19.50224420578242,58.66372579081379
1500.0,33.32993320243676,0.0
1470.4011680725669,43.33097175607872,3.907573552481368
964.9828971381787,20.328331535444185,58.61368925470255
1128.8877510521527,31.352380359333377,43.360553134418346
1246.772876237248,15.575782037841016,30.91366200351554
927.4427856297817,22.223818828684596,61.77110575036758
1079.727136102489,18.15945059023168,48.18619162506298
866.5667058812104,8.381636499028737,66.6249841892528
905.4162094086323,16.468780084451875,63.56539945511571
1065.4379222504078,20.825015789700135,49.54853483692151
1051.2482307897094,17.188053155079928,50.88342921162249
925.6417846028208,11.644968220097896,61.91943495988023
1167.1756700004319,13.131750380736257,39.45337579373525
1190.9057573576356,31.322545827940644,36.96637675966384
1007.6979611304248,25.312132714100734,54.86865862815934
1451.525904437266,54.49891048286745,6.358779944336741
1253.707689528149,19.349443085236345,30.142979076355125
1406.0341103642631,37.04413750728639,12.136359132985552
852.2268704053993,18.528145821396404,67.72041606040085
1065.6303591131268,22.257601933454435,49.530308343841256
1131.5174749594482,15.92288852484236,43.096364616061976
1460.878463084285,50.827541555049635,5.148182937622106
1335.7512458420692,30.555213070540724,20.700827076949324
1063.0084548247773,23.34689941631863,49.778356665379526
1382.5692846267737,43.58365766380858,15.04454103140495
1452.778187256208,49.50340813866074,6.197135050336278
867.5440482335476,19.973055602766483,66.549658861091
1416.0741659763228,17.992536081185502,10.877064731309419
925.8575991812556,9.806263126228867,61.90167582392539
1500.0,38.293402229978376,0.0
1045.5160406783089,12.508581416372893,51.41760927486012
955.3116681279577,19.102876034158744,59.43909407727017
1211.6356582882968,24.540915333518797,34.75284584730159
1096.6451902171132,15.015524614834986,46.549747856607624
1316.1140237887375,19.369673309854484,23.01528339496081
1137.084624927187,28.522337689781917,42.535046922408824
1261.466430283609,21.31506095427776,29.27566423411238
1444.382606693184,33.21275034233562,7.27817268809791
921.7820681597077,14.418237682111876,62.23634750307608
1444.0194996460373,25.534238050276755,7.324785984089252
858.3864297828179,8.817771191068553,67.25212165176478
1111.0647920633405,22.712710048954957,45.13489012609982
1062.1669296378348,21.615194243890105,49.857840603721556
1237.294351124753,24.03325322815762,31.96011949665675
1437.5961634837045,22.834790609190534,8.147434254974854
1140.2691207504038,21.62425631599505,42.21272587836005
1042.5202444522513,17.12731275439577,51.69562399587636
1150.3828558518333,30.058163857202107,41.18307933165245
1492.1764918185972,44.394019754180576,1.0404141006197287
897.9313978895639,8.669221056348219,64.16529798595973
1275.2346870947988,33.11370768471269,27.723399681343587
1196.1209064018956,37.48016847689457,36.41310121192479
1155.9017451366888,16.801594465712913,40.617384692886986
1120.0029798686692,11.743417037557004,44.24859222601339
957.9051442478564,23.575822282392433,59.21856598326638
875.9912051096753,7.37260643572792,65.8950848253555
899.8583560263988,17.672169448262476,64.01133062619854
1225.593296647571,27.720013032009383,33.240936498335074
1044.8823650893164,28.933512420650032,51.4764819166825
1156.3921077912407,21.454776980038922,40.566990801694736
1132.95094886397,27.202586693298507,42.95209544303244
1411.089489379383,46.5214914735248,11.503397909468111
1440.3822131787692,51.89396520412656,7.791070220365809
1385.6689807127407,42.354773736408994,14.663176706245078
851.843611796015,7.290213096617828,67.74944271299202
1440.4617733681212,39.94126439141137,7.780883531785222
1330.2062110083052,26.532279576229943,21.357841608663477
1479.622651182663,51.53769980581744,2.6985248936527673
1320.9257191400143,46.163790930350096,22.451344200641607
993.9414731929604,19.746857914000362,56.09245990520034
1443.0436290821783,55.51851700622178,7.450003758459403
1230.0964556543977,27.118499512842813,32.749453768288376
1131.1134123667846,33.36821810695325,43.13699770506526
1500.0,38.30151408680837,0.0
880.3892325253274,14.50281775417226,65.55176885570955
1054.0469115367468,20.076868150585486,50.621560367993126
868.5239041847111,10.676678244473115,66.4740545715443
1393.2112931179443,22.797416747438653,13.731657454605589
1446.3855832070449,26.95337615561487,7.020833097369643
1269.2733503529214,38.32087687563886,28.39756275928313
974.5555737617299,16.47100552960724,57.7885081622198
1269.014246967614,15.98618681748881,28.42679293303196
1500.0,50.947967088302846,0.0
905.5704934202439,16.993229053239975,63.55298139762737
1246.5581569448952,22.61360996593062,30.937456060184253
1177.9493031713503,19.470525045431987,38.330463962583565
980.4002121837478,23.35390985914569,57.28068550889166
1423.9494906876655,43.44550400589984,9.883015465348349
960.2637439220259,19.315678871928053,59.0174907603935
1201.395709584697,21.162089695740885,35.85103773295478
1006.10941754509,26.76576143831722,55.010837330092436
937.3360491853987,17.967805389501397,60.951161373222575
1391.6137431309724,44.58956861557427,13.92938621906685
949.335869138497,20.60578836002179,59.94495144742464
887.8047470916581,14.345224380457148,64.96901026851188
1071.2099183863463,14.360006804668645,49.000413811142984
1485.7502527633803,56.11375678382255,1.8909416183800665
1172.5883706819734,28.62151699928597,38.89051168628423
1283.1585665522534,32.74301029724218,26.82240413704738
1337.1984523012406,16.852284296014613,20.52890218502963
1211.2466923569118,29.394529842416837,34.794731122419584
1020.8248710021065,16.03789747994846,53.68518145526811
1487.4226601645066,39.587493050430204,1.669948001295222
1408.6166628067865,45.3054721936172,11.8132932116921
1193.9779867358066,29.447915058810878,36.640736319569335
1459.570445172025,24.0489508914501,5.317960692459414
1122.9622370985187,26.80138273436849,43.95359173558623
1184.0264470726343,16.318264036354126,37.69250545033576
1106.1836419972046,29.457897055514863,45.61590000790223
1007.2938464999139,18.426260619412716,54.904849191262564
1361.588852334104,31.004300973826876,17.60336876442211
1045.7986537128747,19.247583170948943,51.39134115077061
1343.5037819980616,23.68630094580195,19.777670566973544
1438.881363888817,43.54723186099252,7.983129806820327
1265.50961326349,17.176578244479675,28.82157416611964
862.8781884641205,16.239264526447425,66.90849919435011
1237.3589738429273,13.650662061612758,31.953011993350124
1074.9182303670134,21.62162758621926,48.64670213442882
1155.65948766502,19.72858435596294,40.642273269769944
946.2786022139659,17.364771138719085,60.20252475519925
1488.5000080052685,46.56890805219801,1.5274544963695895
1044.709627694077,22.448273829422135,51.49252416903569
1500.0,56.92795769813443,0.0
1093.4550614242205,17.92444307770793,46.860267939811294
1489.2354890994525,29.725102398377658,1.4301181336317472
1146.9869507860321,29.93718824596839,41.52981932118045
981.3265532466286,25.56830436684205,57.199919817470736
1276.9753568639715,43.188982861309164,27.525952798317014
1234.3104032296671,32.43906399925716,32.287903487956285
947.623375128518,9.859129847597137,60.089330618223826
1267.2560090143045,41.92249418091732,28.624987005206098
1115.4488331255227,16.965923275367008,44.701062252396
1384.5313771148649,50.32864649415097,14.803238479307362
1414.5204229414896,40.57129819598995,11.07253213695241
1453.3238036609678,29.479208894963715,6.1266631872185116
1123.6945972489436,33.350776851558116,43.88046453837931
1019.0838973615256,22.498751291391283,53.84302267281972
1314.8873535005725,33.824510560086445,23.1587221157449
1119.2024529807077,23.365651190361497,44.32826085519852
1184.9819069424511,23.02814668280367,37.59190578751252
1056.8134097303075,23.30904664172188,50.3620185339645
1192.177533226138,18.56944148060993,36.831676856481806
946.3044416577679,13.532859093367142,60.200351275501326
1209.6090001220364,13.722934611813397,34.970936303278556
1479.8659061353385,24.98085222768717,2.6665288825881674
1019.0226389407584,18.67120960793239,53.84857161449834
1024.476134506632,17.482351237880934,53.353273325615525
1243.3824228602043,29.420185250964433,31.28889557876836
1002.5731505400779,18.496031571479936,55.32653679182854
1339.217435015531,22.04007553457079,20.288740522240982
1298.1573240143598,42.87588196775288,25.10166942701674
903.8304185108057,14.162895349477546,63.69291442553698
1371.4897928250666,33.22673379298459,16.4006999189625
1171.3759914455923,31.616855018908737,39.01681274066027
1236.119661787762,13.646566831525291,32.08925252185373
1363.149328633785,25.081202023286178,17.414395904233835
1032.4497813944613,11.828717282883915,52.62433106215685
1010.3707316431178,25.8119589899846,54.62893265062003
1197.6428511274164,33.43778091575383,36.2511822730397
1315.066909234158,23.59249567567594,23.137734410547512
1104.683708623736,30.86811196165288,45.76328461783594
872.6833683123624,15.981914081174931,66.1521661631551
1100.9495889347224,25.301631885737567,46.12933344997625
1237.260544493659,33.11844694644751,31.963837557300206
1175.0288049654157,33.27018530821178,38.63588033340209
1171.0112117954618,13.585346685449196,39.05478852663663
1500.0,59.818958003048834,0.0
1382.5503281730987,23.33797967083098,15.046870669709214
1339.162824298021,26.864176938912326,20.295241334139916
1145.1252873417186,22.651689079311,41.71947005735762
1364.0209099405872,34.63133385780325,17.30875365532678
1402.6126748004606,23.129979780800895,12.563452643959883
1332.8256145074215,39.119255485985086,21.047816947240634
1090.638627676772,29.23883362512965,47.1336615030812
1200.4983108028882,33.75003768257066,35.946835811529425
1281.8797484021502,34.85731239115121,26.968191583841776
1382.4889608546157,47.344760046514594,15.05441213845
1442.9991910475683,21.280629324500733,7.455703761602825
942.5216743685451,17.608940758987494,60.517906370911746
1304.545793521576,34.92326944335169,24.36267878245163
1281.9090190499971,26.245422190096754,26.96485630570105
977.768779426893,25.11630936237519,57.50969839902416
969.7854718093289,22.735736224178144,58.20071727411366
1160.024679072645,15.736448154046721,40.19301084188475
977.3639710960078,24.1515045133477,57.54487413348631
1500.0,50.50232226332574,0.0
1291.7681634864546,22.912819311553346,25.83711163568144
1499.9703300640745,38.28439682544717,0.003955952332060714
1418.59378411561,26.745834183291688,10.55963002971351
1160.1315474269943,30.260252519822988,40.181990785095444
954.1027531095401,16.545875612839314,59.54168606705758
1297.1481870178636,16.61822834736222,25.218070262945318
1167.263839453762,16.116725369570595,39.44422796016275
971.1886788883303,11.978404253413265,58.079668888850655
1084.3941944862186,25.055789826242155,47.73729915398157
862.6508499754871,7.958750888064013,66.92593382384754
995.1302051966737,15.553991131068397,55.987372209121155
1115.4159416961397,12.307201481271656,44.70432342267172
1060.7687592645823,11.055037911936235,49.989761749701266
1438.0448023351335,24.56834823981649,8.09009539897364
1385.9418002394461,38.38368274021241,14.62957005995746
913.584829210689,12.78440865018489,62.90501154827005
1500.0,25.98846336293228,0.0
936.8700147627342,22.759400413919128,60.98998113059885
899.7478550004724,12.655872087933524,64.02016877431326
1387.950476343537,42.715278950289054,14.381932231899947
1500.0,35.29038791741455,0.0
929.878499515521,15.628403481499,61.57004338394503
1440.532732876309,37.1168401588632,7.771797578307228
1462.8768264846703,44.64120202921436,4.888506245961784
1431.7352830600514,31.470070546159526,8.894847966264626
1220.391162810893,24.63771034142404,33.80646265480338
987.6857932463017,12.931976339363937,56.64341216975216
1458.8429992801407,51.16820451136496,5.412315708947701
1214.1302321444898,31.367752090479932,34.48390130634522
1479.4084950781044,23.63753512996094,2.7266890973661466
1000.6277002206315,24.634596553608258,55.499742468940894
1377.8416868703405,49.15164029175228,15.624546040990866
1173.4636634610722,13.321093001646855,38.79924580162309
1118.3510769666414,15.309053412649542,44.41292749544681
1324.0732535986601,18.5748467921855,22.081334182429252
873.4771384689157,11.477006461155986,66.0905639365402
1285.4237822224882,41.60335868074971,26.563808893192594
1466.378460051182,54.58793121515573,4.432631639907746
946.5762960033993,14.547235174790005,60.17748070419934
1063.6241828102295,23.873726942831123,49.72015989961206
1168.6786759524855,12.853110217068025,39.297340105508695
1398.6843387323038,44.42943441844227,13.052538692665689
1170.9652388615361,24.02239177415153,39.05957375013093
1169.0178341585768,35.793906759494554,39.262102374186234
958.4718358895943,10.742319622411172,59.170299546952464
1315.159186687996,24.734843014937294,23.126947274229728
1274.9721802811855,36.22967277030724,27.753152867068454
1329.0595936277286,21.40487989602087,21.493359848270977
936.7904882661584,13.150958681663102,60.99660360418011
856.7941855407804,17.032046102771567,67.37349882771159
1304.4906817620583,36.133858297227114,24.369069386487123
1357.011846264738,47.2422213637969,18.15639329320742
996.7340011150563,15.087633005039484,55.84539248982981
1278.4961103543033,37.643197076372005,27.35323092484076
1061.9106934218298,10.816623813470327,49.88203018650526
863.671465518154,11.955695226090379,66.84762665109885
868.3584617313652,8.06859433559291,66.48682586397942
1394.0807809372293,33.93966883043996,13.623945609841995
1095.5118023116145,11.241189373449405,46.660172933153696
1496.5660434453575,22.92443874820509,0.4573367825025809
1075.9410183747518,13.295067216685174,48.548929999053414
1471.7351552197404,34.94653345501783,3.7331392395700753
1036.9731123769982,25.76036335295612,52.2083006314294
895.1457255895646,9.417757644743443,64.38729466483252
1250.420095545253,14.92871782765918,30.50887042918225
1140.1297806768748,20.232758362173612,42.226848142831166
1246.4355297676764,19.688963150036788,30.951043117012084
1384.5511596093208,25.61097480974351,14.800803841088223
1448.72021811143,29.347172819032686,6.720432428229809
1053.9957417357657,24.50388244535207,50.62635450679436
997.0850743557068,20.003877042092785,55.81428242209221
1166.5997886450414,26.16149524600866,39.51310813925977
1374.285879149431,40.416220974654905,16.059480994243373
921.260128104316,10.52049463057572,62.279101171787524
1359.6746303164741,33.61953581240013,17.834884429944857
1012.1702453090434,25.77207554554393,54.46717308937916
1065.4296555113333,13.306134809242534,49.54931774031118
1015.1659122489328,10.975825301883296,54.19725202701298
1069.7901372205988,25.793186533537813,49.13551388024588
1348.4363566069735,31.375072613613085,19.187528541356038
929.6465141784996,15.970829916289777,61.589215941145106
1500.0,41.09752679998019,0.0
939.7542160823106,14.318841862470489,60.74942281580098
1167.6915981864183,19.458665532344487,39.39983695665993
1416.075366871702,23.47109227784814,10.876913570629965
1500.0,28.52914615325354,0.0
1459.7202493453372,48.6571490718343,5.298524162274977
1289.884231430023,42.74961281335098,26.053274200363514
1119.9936768554817,30.969043671992228,44.24951839127728
882.3668017097782,20.258927363065045,65.39683676624253
1296.3889027183131,22.684403109482215,25.30559168483591
1373.3255634134841,30.07797602793914,16.17675097222383
909.5219452564772,14.18993362999557,63.234214715416606
1083.3540136662293,27.918487756429123,47.83751471436762
1498.2600499695636,23.46036674411019,0.23185878512005012
1272.7756973769683,25.86075505078462,28.001867740736518
1086.059542032951,15.48707016471408,47.57665205151898
1158.997479219174,27.67153949091636,40.298881918382236
1374.5176332230187,23.150581328953617,16.03116782039959
1207.501779941721,37.59290810929198,35.19730895278114
1133.02772752535,33.633361810716764,42.944363051499614
1201.4905352166302,32.67757199018949,35.840910834882465
1258.7712315858973,19.61218510771321,29.57755495696548
1148.0409671570517,19.545096557438537,41.42230834351561
1401.7755668706493,19.46719746537387,12.667789338865324
1387.9691653215941,37.25056630443943,14.379626494065667
1029.2664108860856,10.306304493491576,52.91602912985225
953.5542052310161,9.038285676776196,59.58819456383312
972.5833046840708,9.047673631458933,57.95918735332498
963.0601085704069,12.03643080147501,58.7784545457936
1160.4690458975165,12.755402781730213,40.14718193394257
1359.0539801790762,28.60888440877677,17.909879064862725
1427.2123337033368,24.2624137594329,9.469553534447787
883.5071214215116,10.628183797976861,65.30734072877664
1456.9201469430257,42.04094410512774,5.661497130289445
1457.2292518655238,35.704478213512274,5.621462555886494
1082.7690582969522,16.400744383124252,47.893829617543624
986.8225707247261,25.78738510989855,56.71916506258857
1153.8909016590985,28.687836844561836,40.82381275859346
1500.0,58.36142499591149,0.0
1292.0893066098085,26.930435558139944,25.800232166425964
1500.0,20.52249732416573,0.0
923.4291762215622,18.757048977993293,62.10126917790074
1122.0691185526828,13.185693452137906,44.04270636401802
862.8487990704529,18.177583526552244,66.91075333078565
1493.3514785402967,56.06465634797708,0.8845049574004255
1324.4479374624539,31.828919784532516,22.03722937562008
1355.8486468692902,21.898949959417408,18.296642079231766
1169.0175647455646,17.850790664749464,39.26213036961553
889.8708403349833,14.473497480058434,64.80577277873381
1048.261935355707,27.725840052257308,51.16208510596921
883.9147728085579,17.638127785778547,65.27531886270201
1437.4367171306358,38.727075505068214,8.167808188653357
1272.864341368761,36.92208307573868,27.9918385987498
1292.1234285361927,23.22758499028582,25.796313130127757
1091.430844571949,20.490426097196078,47.056831622976105
1082.7548402693903,21.91932185224399,47.895198038809205
1090.6012352620032,30.41377242862925,47.13728647311078
1056.2438442568844,21.90120554258695,50.41550850975284
1009.8542903848045,15.497840602108315,54.67530276406235
1206.848626970309,26.90811406811196,35.26739518132801
1052.997351697395,23.34410675327565,50.71984788081212
1138.4405447853812,24.11787396884181,42.397916710611746
1338.8322628760384,21.549875702954672,20.33458541698785
1181.0075388260102,16.067163624273558,38.00983081049466
1086.8039357443952,22.286149775669074,47.50476467779967
1401.9016490230665,40.18484493968883,12.65207850961807
850.8536639641717,15.65786033476877,67.82435744527753
934.7472037324868,20.135933391543773,61.16656289396876
1091.2514158876045,18.65606351996737,47.07423765881325
1418.0734303076608,44.115258832782295,10.62523316690951
1197.8900507551814,22.178191897538834,36.22486339118883
1500.0,48.09142076894094,0.0
912.7180542492785,18.191604748685616,62.97536681988494
913.6370595080289,9.60779260204799,62.90076993304545
1289.3318572319458,22.234813074226977,26.116593863414277
1393.0569478571033,19.06739147361697,13.75077066786897
1443.1550066069822,21.455961363706507,7.435716751342287
1451.5991408906507,55.789460973122104,6.349330407356654
1010.2552378346492,26.137587652650023,54.63930464122918
880.4711926379941,14.17498554056648,65.54535461931681
1044.4558518421838,16.934785941716317,51.5160877134497
1189.3791278997485,26.611707348372356,37.1278795607304
1500.0,31.099892459030297,0.0
1408.8386983301584,47.02349027614809,11.785489870550435
1280.8664496352349,15.862894757037447,27.083606142170137
973.3414420187281,23.755551518211096,57.893619433284584
988.2908509808252,21.607420813582724,56.59027528300429
1388.866543876218,26.483845306966394,14.268876591170187
1324.5481202113515,16.589173779230364,22.02543454420335
899.5266907524434,18.777752100334933,64.03785478328702
1050.238121843369,20.922484295018474,50.97777277452945
1063.2295042008036,28.541745993022108,49.75746761764059
1388.1403605253818,30.97250062867818,14.358503976909464
951.7305471182034,9.4890877902463,59.742620696981575
1061.1094622598066,18.09547958603009,49.957631515675736
1034.772966212173,11.107799634281424,52.41088481762047
1460.640768758034,53.66744720271393,5.1790464285306435
1417.8199099719395,46.92781717317432,10.657186794984955
1357.1038076321731,45.43102504647527,18.145300236011447
1185.053954483274,33.31121768654408,37.584316665046856
866.59258870601,7.856221775843548,66.62299045332517
890.1588849399758,9.48514389090534,64.78298486944082
1271.6025814342493,38.99037241303977,28.13452777287794
1043.391345156259,23.88438183635044,51.61486670457833
1008.0497674061105,15.208959918732262,54.837140730332735
1384.9082199914656,41.47955624016691,14.756854320003127
1188.0354560409535,25.93927486558462,37.26985578620283
929.7994361845386,18.882074368092628,61.57657815426284
1120.5481506100396,27.686241726978405,44.194304096196454
1058.8569132668501,19.8165439282098,50.169868321199914
1403.1260257548079,27.35682102579617,12.499438037756361
1113.7255053586755,20.59278733427807,44.87179994282502
1183.9312226352222,32.77724555222888,37.70252711419858
1297.3174238387794,23.544522597292964,25.198555635747233
1493.7396740579134,41.97900422346611,0.8329682731270693
1085.1432833254285,29.37657554640037,47.66506909572039
1121.3486112655844,31.749976658844446,44.11454631167756
1428.6728060766397,30.1880894324714,9.284178363426673
1467.7603229338906,25.708950999127246,4.252428196488949
1177.3949358924438,36.076549286921086,38.388496219325695
1301.6391607765788,24.654021645713968,24.699355339237485
1426.9064636331698,35.581343564516594,9.508353068528077
1065.366852802877,11.16429749842083,49.55526528661747
902.6721529474466,14.470586828224643,63.78591041303206
903.6637449690977,12.58671111812578,63.70630382348559
1340.405671647334,29.063905816429518,20.147228240695966
1139.7873450470317,31.715948884965545,42.261547025361715
995.6306056687963,21.459091002677724,55.94309764691493
1489.2866151845199,33.14437800743239,1.4233501258771475
1197.6884599344962,20.368001296094164,36.24632679732152
1190.8302759561077,33.10178553596305,36.974366838502235
1206.3693943134729,20.35796827313227,35.31879486505532
857.5982376883089,18.685181692554885,67.31223389839586
1444.3354658169128,52.66587200999466,7.284224985930746
903.7655131161948,12.875070237730293,63.69812876896983
902.5141799101963,17.887998658143726,63.79858466937893
1035.8172501116583,21.05725336730357,52.314783305383216
1206.0616601730894,25.873325771926577,35.35178986046805
1333.3293162769266,44.00419947791971,20.9881304158446
1324.5141531294482,36.48501716781877,22.029433695990235
1054.7253061848937,22.741660663925234,50.55797904414143
1278.7854071823222,28.486501754420093,27.320350327890786
1366.8625175802,26.241840912561933,16.963860357080783
1152.138776879865,16.978845621608688,41.00338839154528
1355.500238896509,37.86170492046815,18.338626771178088
1196.4184567889547,37.41344988934327,36.38146116687718
1428.5455724572844,39.578839505384884,9.300335440563972
918.4558988347859,20.70593045439002,62.508389417581576
1410.1749545984778,28.431513401310504,11.618070996585812
1296.0103612155065,16.603858329280975,25.349206383202333
1175.0891838314833,16.170025546655793,38.62957377965594
998.920031098247,25.025694084661165,55.65150095425232
1292.0429410828299,24.74278029461833,25.80555726213471
1428.6407860294244,51.49131766478872,9.28824464414349
1173.149521754541,20.310354923800727,38.8320088714263
1466.2750143924234,47.476355447543526,4.446114763044395
1411.9534670232656,40.75095974907168,11.394995864932431
880.1673298792896,17.181576191996548,65.5691320628072
1109.5328464774962,23.274682396033025,45.28608278166867
1043.9015727997582,25.34692358363295,51.5675336136085
1060.1145273971197,18.97078622228335,50.05143061340361
982.8698651302386,21.91375900121613,57.065192365282954
989.0014533219888,10.05648846462082,56.52782779231084
1084.9054590795695,24.892430187413837,47.688006438193284
858.1032245134552,7.870533378499111,67.2737269368716
1229.1177597443148,21.476610902971366,32.85642367471632
1415.3437467963795,18.982581619865066,10.968981262417167
1500.0,42.25851274697594,0.0
1019.8188248744998,19.379040442725202,53.776425085848636
1374.5671420843612,29.332055686864365,16.025118751201404
875.387634691126,11.66801414662587,65.94206617910558
1472.7987880578523,31.082397916539186,3.5939435509031648
1210.4750456625527,24.376814628107446,34.87778505903294
1412.4963421820803,43.27449318186964,11.326848147655275
1040.781797890811,25.814180879051012,51.85658885240759
1034.91571715444,20.695285385277312,52.397753706076045
1391.3346256338468,43.10745586508194,13.963909311658817
1132.9469416472812,11.849392019887897,42.95249899609209
1317.236201095383,37.43183131526064,22.883946245502383
1025.0141547702065,18.310085973808324,53.30426588980974
939.1948906840718,8.17604013575313,60.796131436130416
1027.2749871152366,22.81134008478192,53.098048926550675
1367.6914874958188,27.317096203636172,16.863110890287746
1493.4028583669528,30.199930756039937,0.8776845609517759
881.4743159706729,8.858351331253667,65.46680134595707
1198.4346896913478,14.73014749063271,36.16685753530678
1116.393883755398,22.207632358686517,44.60731983615728
1415.2019059376075,39.89863222895308,10.986825130247237
1454.6352681890367,37.300818969777296,5.95716606847152
1409.4200070103318,36.08010613107066,11.712677503955394
1408.2277340721628,29.03779862871206,11.861984399554764
871.4965852149464,16.618529964819515,66.24416453149723
1310.3245787631997,45.491864843022356,23.69108881284635
1041.322333491802,20.66268906162379,51.8065687898306
1437.3079500472577,33.67683304201893,8.184260299153303
1269.784632568201,17.20874411987949,28.339866084161724
1296.4215523529672,31.601438027420365,25.301829270876556
1403.164063303147,20.43636153053208,12.494693842426758
1114.8585029532449,32.645983937813476,44.75957859523776
959.2232596700601,13.012681927265339,59.10625502701976
1094.197028065308,13.766851949904131,46.78812727880213
858.0119651958771,11.33444870262879,67.2806874480315
1046.2951584585053,16.577993651576925,51.345175172724055
1209.558707503609,30.400225844787524,34.97634369343105
1098.8478706544383,23.381299314090832,46.334815873698076
1185.158916173656,29.320243956884042,37.573259707292664
1401.723684223552,33.821051306831855,12.674253914966757
1033.6471370636168,18.46807490667696,52.514382046230615
970.3551103732591,24.107864351799115,58.15159821211111
1277.1499391147938,38.13948387555553,27.506134800847924
1479.5061676220128,33.75395524909346,2.713844443041099
945.0641485974006,8.512056044152372,60.30461133492756
952.7712801133255,8.49875324870253,59.65452834627622
941.3530178029396,22.401440885129382,60.615755372146594
1054.1617041684367,17.421016446934416,50.610804509542106
1470.0239837156907,22.255006244167156,3.956866102251127
1260.962831169333,17.071819975838224,29.332121707085353
1244.0905418175585,17.629213405952715,31.21060994489307
1459.1393814611554,31.650923613319705,5.373878465295855
1310.9188072274776,37.154140061316106,23.621861371435003
1495.157832514453,50.76667740164156,0.6445802609192359
870.9299071919501,15.411600693967547,66.2880487448276
1284.0326793746544,28.96278939597726,26.722670146575368
1073.629987435991,28.605525328467387,48.76971778125306
961.1295092825583,13.272508514640322,58.94355850605639
1453.156057951781,45.727420902602454,6.148332055024023
934.5103884232105,14.49067656264628,61.18623706351557
1477.5898705411798,43.47576873324373,2.965696643293303
1016.4161771089239,12.718486235740894,54.08436244050135
1152.9746873359763,24.577243621848297,40.91774979388922
1302.579762913856,31.511918217406148,24.590487166545895
1144.1032997640973,33.303130963551595,41.8234506430624
925.5815357747801,7.735823955318864,61.92439202812441
885.0172953711273,9.94597869518975,65.18863941751
1131.0403501387334,25.383265899523916,43.14434339369117
1182.2631277179564,22.156700790030875,37.87795097060245
1023.3358079856689,14.302947538417122,53.457058848636365
1500.0,25.69841545422172,0.0
1416.996182017922,35.34690237290349,10.760969784294753
1212.5776569155487,16.59046560375748,34.651352264408786
1226.394676246746,35.54466909012775,33.153604358828396
1403.4019172940361,33.388028213820256,12.465024823796584
1409.1111218644132,23.07977371234547,11.751370943911772
1254.1640950880058,40.3607513440122,30.092107670759276
1476.2812083441845,31.607924921159793,3.137501950659306
982.1651739583939,10.274660265984895,57.126736491701244
1203.9414271372552,37.78016498395607,35.57889066767596
1300.4875444704587,27.185661410532067,24.83253985231985
865.5755390866084,14.845756195530752,66.70128827266343
1350.739079687927,45.087868297426425,18.911286160169432
1090.7305024807565,21.38636601542684,47.1247542648034
1175.0818820399597,21.60205539235301,38.63033646673005
1162.281722272142,21.13523387652662,39.96005324764905
1117.7190092541737,22.72847363441924,44.47574294897193
1278.3563622343386,35.449385840923966,27.369111605999493
1237.7638853320934,40.35598969871665,31.90846951856003
1082.137611720867,29.60345433915244,47.95458619106925
1030.8830129136772,15.01301368615307,52.76800949715641
866.5887514710012,16.811339365825614,66.62328603661916
1500.0,38.993026350131714,0.0
1422.3849534539331,29.105160541137696,10.080935297237897
963.2183784566186,15.974845997381657,58.76490468459566
1188.059325987466,37.169782546390266,37.26733501929812
1192.4391186788343,27.677881672863744,36.80395325530867
1500.0,49.28309078912027,0.0
1498.5597589498295,26.664923798986898,0.19193994916571783
940.3743156477295,23.343381991675063,60.69760650978064
1275.1802227223382,36.51938840645932,27.72957331456924
1226.8566450696228,29.355277196960916,33.10323433104486
1070.4646533482862,10.954260931928545,49.07135226364148
1316.015166877453,41.35300975156874,23.026848024378186
1093.4039996640408,26.994817294454247,46.86523082305237
1037.5732062168747,11.04573902978788,52.1529707440371
1187.2897992515186,17.52354181786781,37.34857478192394
1353.5012938162993,17.701941806179857,18.579299895004617
964.9939575385271,14.849350975059263,58.61274052951695
927.1487304610823,14.832097657891529,61.79534362686236
1093.2606921775546,12.090593581276389,46.879158175086864
1413.080490521602,48.409718814535765,11.25349010254349
1493.542782999358,54.36407159233929,0.8591091266903449
1104.649337230951,24.34130352462493,45.76665963356537
1411.1385536169837,43.33323465950868,11.497243666478536
1057.5579566523838,23.416512654046162,50.29205192538819
1269.369910518293,31.862889875206218,28.386668012034704
1292.0629282892849,19.471528497426117,25.803261748467477
1253.9107464072204,30.485664100031194,30.120348446421662
1218.7854464221666,35.55344133642078,33.98053491508977
867.1629377843882,20.013318619488157,66.57904174813997
1223.8918621826786,25.077567289720243,33.426164874800676
1237.5509788330771,14.896120421129266,31.931892212857456
957.0286233238725,12.750328900220639,59.29316507283616
1500.0,51.04240996172479,0.0
1369.3910157197163,40.27648105524249,16.65636649182771
1106.6177454787787,17.855835529045663,45.573207350731764
1173.3708456095126,16.378748991118467,38.808927052160776
1300.2181818853508,35.82828184892825,24.863674644211233
1461.1896503264359,19.64601811071968,5.107769145729243
1026.3117453310595,21.591948718185613,53.18596450646731
1215.269635498103,34.934236053102566,34.36087613494701
1466.3293358355054,49.738614829528515,4.439034616364705
1493.857521779467,38.51299713285358,0.8173202054626211
969.9597268459416,17.105619108655276,58.18569459097539
1176.5365155719508,18.160893386693512,38.47830344559168
1500.0,26.84400976815393,0.0
1052.328592151052,29.382886569794746,50.78242373961711
1187.9857096881074,34.701382327622774,37.275109047859715
1057.0057321122028,16.618272421851028,50.34395032364204
1192.398265297402,31.720369637670636,36.80828341847763
979.350978589545,10.607526813568587,57.37207381047559
1369.8614807674367,29.40011209047685,16.599089933762045
1302.170568868999,33.08390977408941,24.637858203172783
1107.6151646516364,24.216431929955363,45.47505097927682
856.7685075981425,19.22500173421563,67.37545441724674
1153.944396444639,32.9542545111541,40.818325773956346
1234.4697583155119,24.571556701263983,32.27041848019742
1500.0,34.76540928250164,0.0
1142.4316254872704,34.3008071942536,41.99333249273391
952.0010088733599,17.236532728980116,59.719736849071325
1180.4449801972294,33.76059215317078,38.06887327676278
1347.6723456686084,48.23104224901278,19.279077720892033
963.5758223164637,19.132937266272773,58.73429487320669
1287.6987882499493,32.95642555369899,26.303636921760535
912.7339755144139,11.63071921235772,62.97407510851792
1336.451158992044,16.70777580908661,20.617702205725458
1289.917774489798,32.69519511301453,26.0494282246794
1315.8533375355019,37.297109565536225,23.045777515408016
1420.2596491102681,41.28933694942371,10.349445738185695
1230.6309190813831,27.83390577914075,32.69100182226269
1206.5228345114795,34.53475979122941,35.30233999121711
1263.2246956517035,35.853308301957206,29.078371924251606
926.3457939628221,10.795491661145054,61.861487555883954
1469.3862319371553,31.596786378081934,4.0401822841568125
1030.569039255621,11.821634848899706,52.79677579234428
1284.9263490516507,24.140178520226613,26.620634556124234
1030.464819198457,9.815425536705176,52.806322506412954
1480.978513828838,40.46550622395254,2.520117403436722
957.6869340251073,11.45018487434205,59.237143839892866
1304.7919420088174,34.62246777796195,24.3341328030604
1082.0627111445883,23.145380927189425,47.9617906289077
988.0910961289053,24.29196582653189,56.60782158892348
1297.3865192264468,35.257288622838665,25.19058754353264
905.7423262825137,13.470759487672401,63.53914837245958
899.5197414227424,10.84878620709503,64.03841043514501
1046.8463090322066,18.091039446434497,51.293902456250926
1165.6641949221976,18.84892633732533,39.61008820783933
1068.4648037063475,26.08742014990937,49.2614650329225
1044.5089425690333,12.668433654697061,51.51115861748088
1228.9503472603617,32.75277775438659,32.87471306527273
1091.588972993423,13.19168284044192,47.04148951285172
1423.8061633805326,25.528566724158214,9.901155960871485
1302.5678816076966,34.135853110437246,24.59186283573502
1500.0,31.409426749102884,0.0
1500.0,59.8908367023712,0.0
1126.031009447831,22.076115779070232,43.646851811639955
857.8759348654472,16.703219978254914,67.291061350166
1392.0638058517993,50.17172884728986,13.87370490832907
1392.1982542268313,25.458626330917085,13.857067596789468
1398.4722018033501,26.13417050309996,13.078911145924005
1096.6641995166246,12.22436849936266,46.54789482215826
1489.508757726891,20.73617430793846,1.3939404735508303
1241.2069496948743,39.325746117699325,31.529124801295367
1364.0405209253208,33.86552823833375,17.306375878834636
1383.4588780328681,37.86008600648064,14.935179235201659
1239.7462137590685,39.31395821808529,31.690192243113497
889.6403133669785,16.819463772429856,64.8240050147691
1279.1859776534002,41.91412009274917,27.274810425551777
1042.293221632109,15.717062409176068,51.71665956176709
1173.5943215171405,30.913889510112877,38.785616377898776
1500.0,46.82692155765655,0.0
1102.9081893066282,24.54309911364687,45.937490042683336
1500.0,40.71967341319555,0.0
1180.0972245110745,22.499088314340227,38.105357364500385
1017.5584665236465,25.660770982087865,53.981100764713105
976.9047507759309,24.80824889656376,57.58476035161849
1421.4738110853227,41.16399205694952,10.196097973269687
1022.8138812148553,24.874482788202528,53.50452286196461
967.6838884040882,10.47677217330577,58.381684094361965
1102.2135757369522,32.033435387062184,46.00556593160721
1038.973334759284,18.384385796011305,52.02375154040768
898.6808115848539,19.97334869875043,64.10545772840838
1112.9142978604034,31.456704078517266,44.952078471906006
1293.971181990339,17.736662435634564,25.58393689682334
1332.3701448481092,43.79429069089883,21.10176876077458
1160.4368756503166,18.149338422879595,40.150500339152515
1239.9545030329923,23.279946783265824,31.667236907031338
933.1951808931674,7.842769904658155,61.29541130478972
1231.6805436610841,25.369297395021793,32.57613503852161
1233.2115162759346,28.32004910832793,32.40841582775157
1390.285876857358,35.262164201572276,14.09356358270964
1327.982421746855,21.203526397479134,21.620563890282597
1308.8976910242209,44.619216443695514,23.857192641398374
1380.2018926614815,37.2159835483716,15.335232688607316
1331.8477665958158,29.16601807383725,21.163623405054995
1243.9484945291015,36.761250214899285,31.226317464834768
1378.8962832607617,17.05932358913804,15.495335111540307
1230.0666735925872,14.214434658551497,32.75271015630521
1336.2001975023509,39.6274040053399,20.647512541985716
1093.0620188553346,14.948691371531197,46.89846324159556
1409.5933438725208,18.438922922237168,11.6909602182349
1400.194761117154,34.983401847167976,12.86465026400339
1069.8077719486305,14.97928124817108,49.13383693681366
1184.455951948821,20.316907304153744,37.64729323968944
1419.5263014995146,29.567960589757085,10.442003526715967
852.0610091074916,7.770476207549441,67.73297941149882
1191.4700025542347,37.380744882646965,36.90663257837386
1260.737734158453,15.694612173781445,29.357349585289338
855.2126008536411,18.478309264239325,67.49384032627337
1212.0224583826268,25.953037844811462,34.7111804611615
1091.4548763970895,25.346150082939293,47.054500123956174
1385.9900940551017,25.660121520751463,14.62362040805024
894.4535127376423,19.117268192760346,64.44235171339075
1205.1147154843115,31.008686418821505,35.453267667696295
1361.6115586655242,35.29218373146963,17.6006205914863
858.1944689615672,7.249553985671802,67.26676681972327
1138.550268376469,33.261750086446206,42.386812727994254
1159.0342948289983,29.6105471983058,40.2950890404554
922.0689781454497,20.317323623146336,62.21283553519138
1238.4959034885642,37.38144361205548,31.827906535201993
855.970790026641,16.765586764048198,67.43617807205192
1490.996675279877,19.847056819577215,1.1968406357490144
1222.0890742922686,31.472873073293204,33.62214642202071
1098.8140479831384,11.01697393268398,46.33811946466264
1355.5623848589755,42.275198270487266,18.331138700242086
1254.1674282290123,39.00561431863117,30.091736087530002
1435.0258856722148,32.318831870156146,8.475586997807774
943.705488661036,14.512949475232045,60.41866447426823
1282.0499587823042,32.76667650738655,26.948795697168528
856.5749338983809,7.189499338603728,67.39019478297709
1054.0968493278624,19.234036114895332,50.61688143275882
1138.327513013049,22.91540857466363,42.40935436077898
872.6705535037922,14.447646061609072,66.15316022432822
1057.2618048983113,29.594914480288942,50.31988781791844
1179.6903999677147,36.79955190637472,38.14802489884504
880.4832633605546,9.251281884574125,65.54440990853102
1192.40022546547,17.94552757810472,36.80807565821764
1116.770848232538,33.17227841830204,44.56990544613234
1043.8975793722266,28.412152242851413,51.567904168035824
1196.5462052153548,26.793865831609384,36.36787461265485
1372.524884361712,50.16664439870792,16.274464080349727
1395.9578309538485,21.454759918445564,13.391188186605623
1255.5021606746427,21.84940350266134,29.94285886850238
921.7979207979421,7.978546130349484,62.235048587226274
1449.7857456019985,29.461677808433567,6.583168526633644
1149.8476394225113,21.149608130444417,41.23779582731015
1018.6899530167221,13.54269719329278,53.87870131656837
1285.68280533155,36.87420308587775,26.5342099588798
1104.0910992133813,27.333210707127964,45.82145976167943
929.8114554251451,17.049894764126623,61.575584771563264
1420.5105994326657,35.31902961696895,10.317761639975515
1500.0,27.804976345964896,0.0
1491.3345898899022,58.25579380494216,1.1520507110185434
1105.8477262095703,11.655241739286488,45.6489247305388
885.9645326762627,13.897563432718732,65.11408208176583
1225.8520786693787,36.55414592943099,33.212741387642815
1267.2695798286634,34.961760940753805,28.623458312928125
1500.0,51.568120847803584,0.0
870.19637514876,13.310981240839968,66.3448119412426
1490.122233736752,38.9791858756344,1.312699045484118
1384.4505911476663,48.2923316294881,14.813180474261218
1015.9527517145557,15.545221692233095,54.126222501494325
1172.4847229282905,13.852859824669016,38.901314422211996
1089.51265717278,20.74673046082185,47.24276310490259
1500.0,28.4114276340326,0.0
1046.3208898552791,26.887843742752995,51.34278202010919
909.0799834756588,15.141121181271304,63.26993705083983
1144.7653399509727,23.925390129935995,41.75610295319707
1257.2091229792836,14.134624712807403,29.75223204878491
1017.6240535298765,19.086140983650314,53.97516825232991
935.6243887792513,9.291549299555243,61.093644583175674
1220.976647062611,30.112942918024824,33.742934547899765
1231.5651560073834,25.47368764244802,32.588767400378195
1201.1470585416548,16.91061893774347,35.87758861141024
1489.4169808585514,53.70402229696782,1.4060914280087897
995.759826805188,15.430214143658453,55.93166076981787
1399.8260140712364,51.22880082046072,12.910539125752656
1302.703337197013,27.72597586211306,24.576178455811778
946.4387612534847,13.300040935428465,60.18905205319863
1088.81691592227,17.78209426364434,47.31012104895628
972.4408425521464,16.212903619084717,57.97150256606541
1020.1035791287724,24.246576463730786,53.7506083488297
1247.8424133772357,27.260547198931768,30.79508050563892
941.3319407585705,12.324359844131253,60.61751899145348
935.2311957755443,7.867827043144103,61.12633824214424
1019.9581052340013,25.916633385325195,53.763798380776265
861.176311700779,8.886458716070692,67.03890489624189
1083.1537185039585,16.92439068361225,47.856800981824335
1326.0421298733127,38.30410090595724,21.849434213379933
1215.1942682278818,16.51649470782961,34.36901735404901
1234.2036203603766,17.894140576509784,32.29961882174842
1081.6469319568243,19.13095360357281,48.00177398170619
1233.1837106042053,40.51123442796031,32.41146381779749
1500.0,33.32614980629816,0.0
1011.2580642371336,15.369232146601577,54.549205667349575
1108.6567443601684,30.003760067560187,45.37245436376498
930.467615324701,20.843152891949586,61.52133408142063
1390.9593506234014,28.588058040772022,14.010314885036696
1053.0118392556976,29.429996497485774,50.71849183943702
1269.4352414047626,29.442951667983824,28.37929635020589
1246.7403695283217,14.380802451929327,30.91726448837261
1057.6499287558127,23.738816765840387,50.283405697903305
1249.3382218707968,30.28044154062575,30.629066994342917
850.7870877693449,8.489223771114606,67.82939250155364
1274.9440640054618,32.88823126563011,27.75633927365498
1314.6587993271326,28.324867998789774,23.185432948966326
1500.0,32.90145772931928,0.0
1041.5956945504022,25.694924497142207,51.7812626264029
1054.1335619448193,19.325763969917023,50.613441492512344
1343.3260159899876,47.149425296951954,19.798898433976337
1368.6364301911112,20.783862130041847,16.74819208683251
1219.1276861308497,18.74672767982234,33.943452662632914
1393.199078483111,17.39923312925981,13.733170120613792
1110.7203658916014,24.858312544793574,45.16890083527231
1273.8645715171222,29.23494701620402,27.87862459704439
1366.215856506439,44.56288785857146,17.042410374683435
877.0131335543851,10.16485830081751,65.81546504769415
935.3328647481039,14.28765246613316,61.117885872093545
906.7788294086682,11.175572804991482,63.45565131272202
1121.5765843513527,28.709062989298,44.09182068598903
1045.0714162304107,15.15079655861291,51.45892155458505
870.7683311695271,13.879090367391617,66.30055615254386
1415.7949055068636,21.6071905618706,10.91221269070272
1397.1315524152233,19.80496778910937,13.245485566481264
1417.2712398391457,23.217018194694756,10.726321454436057
1085.9583204955138,11.444000547678712,47.58642338429168
1118.4974114471174,29.585294978011532,44.398379581604324
1045.836380556962,19.017186585935733,51.3878340046006
1059.4773174913205,25.330995706084828,50.11145838761758
1162.8079910181045,16.5350566692902,39.905670045530655
991.5114552065778,9.50135056640103,56.3068904086282
1124.6578212929417,15.529591249778434,43.78421266687172
1046.0513624978166,28.184958042277366,51.36784653406495
1411.2153940448304,37.22947943344092,11.487604960484173
1163.9770195767787,20.674830864440683,39.78477768431819
1186.5529526184112,14.070036951830831,37.42631513922358
1375.8048281268427,37.07451622909624,15.873825551238616
1008.37014354375,24.708814923892433,54.80842904931363
1448.6812042482718,54.804387285037656,6.725456375901201
1473.1680952963745,53.08611735303262,3.545589466704523
856.7205194790575,8.266681924294526,67.37910895571261
1200.5320237082865,20.59997404552896,35.94323822448383
1018.7151221744551,20.57368456154527,53.876422215692656
861.0110062510598,8.360412785581838,67.051557649535
1290.7541362479124,37.7501843733154,25.953500433729143
1049.6352787696349,28.05894801745038,51.03403473609737
1167.7893889435616,29.60510660713143,39.389686358703244
1061.1770080421657,22.046087741354814,49.95126033789679
1319.9617177203138,35.698886377700966,22.564491722348393
1285.9158159905244,14.981530791740104,26.507578408241063
1257.2984319477778,31.83042540309427,29.742251245407065
1408.1313988309878,47.09574765136527,11.87404282783491
1229.7718527191269,19.199235578037168,32.78494178932294
1420.9811800076825,37.15973444049412,10.258332713954411
1177.5656494129962,20.28877061372705,38.37062850322438
1189.09389614516,21.717582776230955,37.158031384458816
1500.0,54.91936582842356,0.0
1029.3305536784906,16.931692172911035,52.9101605006192
1482.4898540437518,32.07651670780878,2.3210592292149217
1495.1641635579822,44.505855125073104,0.6437388449759772
1369.7657950748448,33.20821558142739,16.610740739687905
1276.546059871572,28.076242738224774,27.574673645616222
1361.1721271388167,34.369763923957244,17.653797346683955
1500.0,51.459256761228616,0.0
1332.6558889120913,26.26188714337385,21.067923633241065
1411.7263530396858,21.101046628674247,11.423497961478583
1212.953841579953,20.037620163533045,34.61079903095264
1083.681593613165,11.068095212136873,47.80596460729028
1380.3942657783475,26.633071639319514,15.3116298225003
1475.0250148250316,23.691275262680545,3.302275806240666
1364.498608234353,45.48859048192136,17.25082436117838
1492.376523416636,29.173251344080235,1.0138805491055458
887.3652862375079,13.219252616599604,65.0036821680278
1012.9408678718326,23.225692738610302,54.39781325311371
1306.132127474374,27.305513163489074,24.17861624796735
1015.9049454796736,27.192376601086323,54.13053963333072
1422.36126048586,22.860820414448494,10.083930874181142
1178.614295324253,24.735669765303918,38.26081523810287
1063.0876304360413,11.496448285044117,49.77087511172812
898.4520599083593,16.650353325118413,64.12372871317449
1452.5574564823867,20.873616044042745,6.225637138551983
1440.5603411337129,36.66254326361966,7.768262380120918
1435.2548551793548,29.64200319765523,8.446377808181762
1434.2946325080397,45.70709482941178,8.568840318161227
1478.5438126817562,35.89444517601487,2.840364176910923
1037.6100080135961,12.5558858259237,52.14957650088999
899.2064089613946,11.204107898293053,64.0634592925668
1478.4135055738586,21.645237226453705,2.8574891794139607
889.9163199244674,19.228270632684907,64.80217526809301
964.7535368588412,19.784045630666515,58.633360583038055
1305.3196307146325,36.544608393817136,24.272918296489586
1238.3620138828187,35.050153320479694,31.842645447648426
1225.9660430015888,34.226771318252865,33.200322729201176
955.3288906748095,20.58256632207453,59.43763158409057
920.4754985745299,11.961275951656733,62.34332695662093
1461.6856540757026,47.33887644414593,5.04333549641269
1317.2144173787322,34.5870407050589,22.88649682887142
919.0073183008292,13.063312020062549,62.46335772931193
1500.0,53.47824183080967,0.0
1196.4185515204174,28.55476916106025,36.381451092346076
1064.0194570485933,19.687428336542332,49.682782000978534
940.3656170178522,17.762333345183652,60.69833361469487
1028.659626107385,23.728879066142415,52.971527716294
1342.0216636621503,18.47549508998085,19.954571300509976
1419.6214419341638,25.385486746757625,10.429998293367342
916.5740693295672,11.048678599598249,62.6618655747839
1070.594825156873,14.49247801878666,49.05896534876998
1182.1758328277983,27.494118600186756,37.887124456795625
1463.4099488746651,37.84130476005057,4.819169845984448
1500.0,34.427421416046684,0.0
1158.6355288934224,19.158753600572247,40.33616494159374
859.1084825765283,16.74983183633459,67.19700511844687
1294.5232651577571,20.17806414551402,25.520422931791074
1353.3736777428485,22.341918693642405,18.594652817457614
1312.0446115441298,44.92688854307865,23.490619436356166
1153.9434722256465,29.72394789088515,40.81842057368084
1300.0818081256473,38.265355010760025,24.879435208033225
1491.2627954149193,31.644772333849065,1.1615677782791405
1323.7453312979333,18.0373328138328,22.119924349641103
881.9814505076436,12.900609793082944,65.42705426490815
1145.98632655707,19.93394593886371,41.63179285974367
1127.9234962476987,24.582871176111958,43.45727051610523
946.2621772135836,18.193370544152337,60.20390631000036
1500.0,56.13885649326513,0.0
1349.4071984471566,29.515876380923284,19.071120567955383
980.7491842137357,13.47520608867663,57.25026834062632
1079.1801083016312,15.79174085278237,48.238679726492414
1304.4356160645618,34.20655529186348,24.375454379656308
1447.990294163394,21.15378304427127,6.814404800382551
862.8961917441993,15.974450170779734,66.90711832326036
868.4891944377966,14.132062619354523,66.47673418421276
1359.3072113734988,35.22465516165243,17.87928467146676
1042.9483592584415,15.638903683380512,51.6559431075611
1409.5182516333814,28.420997380355445,11.700368813883353
911.762758231384,9.829861803433182,63.052829897879946
975.1784569832432,12.823669925293327,57.73453231270138
1381.349456712037,37.17121647504431,15.194385708504898
1402.2379640766294,25.826883637996954,12.610164093432427
1281.6648113822737,34.08650254229318,26.992680500641807
851.420520744036,13.153865242215943,67.78147097137575
1072.6052285393127,29.897310838974466,48.867467720450165
940.4105094882225,14.284103872317571,60.69458105084896
1168.5597703181058,13.543239699389037,39.30969169751536
1500.0,47.5766756464275,0.0
1326.4584840380505,21.607279769363817,21.80035067215452
937.3026727493175,22.128074607805907,60.95394220697714
1335.5712448362717,34.183860738136104,20.722197776288514
928.5201529090598,10.27120504829633,61.68223669518827
860.7328998975927,7.699835677611221,67.07283889039469
1500.0,29.250511269297448,0.0
863.1722576554006,9.543235281238312,66.88594016062572
1058.740074578466,21.824167220346684,50.18086464362598
1392.8916872373925,21.54456131385571,13.771233227776433
1375.9449940273487,28.18312078145922,15.856683262714636
1290.0580538781144,34.07643957517577,26.033343005520532
1195.4731948026094,12.768136322274515,36.48194846704187
1499.7537486210485,26.953971175825064,0.03283082209388165
1352.4435226393437,33.852124203562184,18.70651191426148
1479.9359171698975,24.93720624599239,2.657319158688648
